group_id	Group Name	Patent Number
A01B	"Soil Working In Agriculture Or Forestry; Parts, Details, Or Accessories Of Agricultural Machines Or Implements, In General "	787
A01C	Planting; Sowing; Fertilising 	668
A01D	Harvesting; Mowing	1533
A01F	Processing Of Harvested Produce; Hay Or Straw Presses; Devices For Storing Agricultural Or Horticultural Produce 	302
A01G	"Horticulture; Cultivation Of Vegetables, Flowers, Rice, Fruit, Vines, Hops Or Seaweed; Forestry; Watering "	2334
A01H	New Plants Or Processes For Obtaining Them; Plant Reproduction By Tissue Culture Techniques	1171
A01J	Manufacture Of Dairy Products 	233
A01K	"Animal Husbandry; Care Of Birds, Fishes, Insects; Fishing; Rearing Or Breeding Animals, Not Otherwise Provided For; New Breeds Of Animals"	7702
A01L	Shoeing Of Animals	84
A01M	"Catching, Trapping Or Scaring Of Animals "	1600
A01N	Preservation Of Bodies Of Humans Or Animals Or Plants Or Parts Thereof; Biocides	4099
A21B	Bakers' Ovens; Machines Or Equipment For Baking 	272
A21C	Machines Or Equipment For Making Or Processing Doughs; Handling Baked Articles Made From Dough	333
A21D	Treatment	487
A22B	Slaughtering	232
A22C	"Processing Meat, Poultry, Or Fish "	636
A23B	Preserving	461
A23C	Dairy Products	542
A23D	Edible Oils Or Fats	386
A23F	"Coffee; Tea; Their Substitutes; Manufacture, Preparation, Or Infusion Thereof "	204
A23G	Cocoa; Cocoa Products	947
A23J	Protein Compositions For Foodstuffs; Working-Up Proteins For Foodstuffs; Phosphatide Compositions For Foodstuffs 	329
A23K	Fodder	929
A23L	"Foods, Foodstuffs, Or Non-Alcoholic Beverages, Not Covered By Subclasses A23B - A23J; Their Preparation Or Treatment"	3844
A23N	"Machines Or Apparatus For Treating Harvested Fruit, Vegetables Or Flower Bulbs In Bulk, Not Otherwise Provided For; Peeling Vegetables Or Fruit In Bulk; Apparatus For Preparing Animal Feeding- Stuffs "	227
A23P	"Shaping Or Working Of Foodstuffs, Not Fully Covered By A Single Other Subclass"	510
A23V	"Indexing Scheme Relating To Foods, Foodstuffs Or Non-Alcoholic Beverages"	1272
A23Y	Indexing Scheme Relating To Lactic Or Propionic Acid Bacteria Used In Foodstuffs Or Food Preparation	79
A24B	Manufacture Or Preparation Of Tobacco For Smoking Or Chewing; Tobacco; Snuff	98
A24C	Machines For Making Cigars Or Cigarettes	224
A24D	Cigars; Cigarettes; Tobacco Smoke Filters; Mouthpieces For Cigars Or Cigarettes; Manufacture Of Tobacco Smoke Filters Or Mouthpieces	174
A24F	Smokers' Requisites; Match Boxes; Simulated Smoking Devices 	400
A41B	Shirts; Underwear; Baby Linen; Handkerchiefs	552
A41C	Corsets; Brassieres	372
A41D	Outerwear; Protective Garments; Accessories	2358
A41F	Garment Fastenings; Suspenders	296
A41G	Artificial Flowers; Wigs; Masks; Feathers	241
A41H	Appliances Or Methods For Making Clothes	122
A42B	Hats; Head Coverings 	1154
A42C	Manufacturing Or Trimming Hats Or Other Head Coverings	133
A43B	Characteristic Features Of Footwear; Parts Of Footwear	1876
A43C	Fastenings Or Attachments Of Footwear; Laces In General	508
A43D	"Machines, Tools, Equipment Or Methods For Manufacturing Or Repairing Footwear"	199
A44B	"Buttons, Pins, Buckles, Slide Fasteners, Or The Like "	995
A44C	Jewellery; Bracelets; Other Personal Adornments; Coins	841
A44D	"Indexing Scheme Relating To Buttons, Pins, Buckles Or Slide Fasteners, And To Jewellery, Bracelets Or Other Personal Adornments"	98
A45B	Walking Sticks 	703
A45C	Purses; Luggage; Hand Carried Bags	2469
A45D	Hairdressing Or Shaving Equipment; Manicuring Or Other Cosmetic Treatment 	2624
A45F	Travelling Or Camp Equipment: Sacks Or Packs Carried On The Body	1781
A46B	Brushes 	1571
A46D	Manufacture Of Brushes	149
A47B	Tables; Desks; Office Furniture; Cabinets; Drawers; General Details Of Furniture 	3703
A47C	Chairs 	3607
A47D	Furniture Specially Adapted For Children 	938
A47F	"Special Furniture, Fittings, Or Accessories For Shops, Storehouses, Bars, Restaurants Or The Like; Paying Counters"	2114
A47G	Household Or Table Equipment 	4150
A47H	Furnishings For Windows Or Doors 	224
A47J	Kitchen Equipment; Coffee Mills; Spice Mills; Apparatus For Making Beverages	3854
A47K	Sanitary Equipment Not Otherwise Provided For 	2203
A47L	Domestic Washing Or Cleaning 	3197
A61B	Diagnosis; Surgery; Identification 	27631
A61C	Dentistry; Apparatus Or Methods For Oral Or Dental Hygiene 	2844
A61D	"Veterinary Instruments, Implements, Tools, Or Methods"	293
A61F	"Filters Implantable Into Blood Vessels; Prostheses; Devices Providing Patency To, Or Preventing Collapsing Of, Tubular Structures Of The Body"	13970
A61G	"Transport, Personal Conveyances, Or Accommodation Specially Adapted For Patients Or Disabled Persons "	2777
A61H	Physical Therapy Apparatus	2463
A61J	Containers Specially Adapted For Medical Or Pharmaceutical Purposes; Devices Or Methods Specially Adapted For Bringing Pharmaceutical Products Into Particular Physical Or Administering Forms; Devices For Administering Food Or Medicines Orally; Baby Comforters; Devices For Receiving Spittle	1673
A61K	"Preparations For Medical, Dental, Or Toilet Purposes "	44967
A61L	"Methods Or Apparatus For Sterilising Materials Or Objects In General; Disinfection, Sterilisation, Or Deodorisation Of Air; Chemical Aspects Of Bandages, Dressings, Absorbent Pads, Or Surgical Articles; Materials For Bandages, Dressings, Absorbent Pads, Or Surgical Articles "	6625
A61M	"Devices For Introducing Media Into, Or Onto, The Body "	11015
A61N	Electrotherapy; Magnetotherapy; Radiation Therapy; Ultrasound Therapy 	7168
A61P	Specific Therapeutic Activity Of Chemical Compounds Or Medicinal Preparations	47576
A61Q	Specific Use Of Cosmetics Or Similar Toilet Preparations	5104
A62B	"Devices, Apparatus Or Methods For Life-Saving "	1113
A62C	Fire-Fighting 	775
A62D	Chemical Means For Extinguishing Fires Or For Combating Or Protecting Against Harmful Chemical Agents; Chemical Materials For Use In Breathing Apparatus	381
A63B	"Apparatus For Physical Training, Gymnastics, Swimming, Climbing, Or Fencing; Ball Games; Training Equipment "	11327
A63C	"Skates; Skis; Roller Skates; Design Or Layout Of Courts, Rinks Or The Like "	1625
A63D	Bowling Games	277
A63F	"Card, Board, Or Roulette Games; Indoor Games Using Small Moving Playing Bodies; Video Games; Games Not Otherwise Provided For"	4448
A63G	Merry-Go-Rounds; Swings; Rocking-Horses; Chutes; Switchbacks; Similar Devices For Public Amusement	410
A63H	Toys	2616
A63J	"Devices For Theatres, Circuses, Or The Like; Conjuring Appliances Or The Like"	154
A63K	Racing; Riding Sports; Equipment Or Accessories Therefor 	40
B01B	Boiling; Boiling Apparatus {; Evaporation; Evaporation Apparatus}	99
B01D	Separation 	12652
B01F	Mixing	3096
B01J	Chemical Or Physical Processes	12708
B01L	Chemical Or Physical Laboratory Apparatus For General Use 	3472
B02B	Preparing Grain For Milling; Refining Granular Fruit To Commercial Products By Working The Surface 	50
B02C	"Crushing, Pulverising, Or Disintegrating In General; Milling Grain "	1171
B03B	Separating Solid Materials Using Liquids Or Using Pneumatic Tables Or Jigs 	291
B03C	Magnetic Or Electrostatic Separation Of Solid Materials From Solid Materials Or Fluids; Separation By High-Voltage Electric Fields 	953
B03D	Flotation; Differential Sedimentation 	248
B04B	Centrifuges 	370
B04C	Apparatus Using Free Vortex Flow	296
B05B	Spraying Apparatus; Atomising Apparatus; Nozzles 	3892
B05C	"Apparatus For Applying Liquids Or Other Fluent Materials To Surfaces, In General "	1629
B05D	"Processes For Applying Liquids Or Other Fluent Materials To Surfaces, In General "	2292
B06B	"Methods Or Apparatus For Generating Or Transmitting Mechanical Vibrations Of Infrasonic, Sonic, Or Ultrasonic Frequency, {E.G.} For Performing Mechanical Work In General "	704
B07B	"Seperating Solids From Solids By Sieving, Screening, Or Sifting Or By Using Gas Currents; Other Separating By Dry Methods Applicable To Bulk Material"	474
B07C	"Postal Sorting; Sorting Individual Articles, Or Bulk Material Fit To Be Sorted Piece-Meal"	691
B08B	Cleaning In General; Prevention Of Fouling In General 	2841
B09B	Disposal Of Solid Waste	424
B09C	Reclamation Of Contaminated Soil 	543
B21B	Rolling Of Metal 	595
B21C	"Manufacture Of Metal Sheets, Wire, Rods, Tubes Or Profiles, Otherwise Than By Rolling; Auxiliary Operations Used In Connection With Metal-Working Without Essentially Removing Material"	678
B21D	"Working Or Processing Of Sheet Metal Or Metal Tubes, Rods Or Profiles Without Essentially Removing Material; Punching Metal "	2357
B21F	Working Or Processing Of Metal Wire 	245
B21G	"Making Needles, Pins Or Nails Of Metal"	31
B21H	Making Particular Metal Objects By Rolling	155
B21J	Forging; Hammering; Pressing Metal; Riveting; Forge Furnaces 	584
B21K	Making Forged Or Pressed Metal Products	472
B21L	Making Metal Chains 	69
B22C	Foundry Moulding 	481
B22D	Casting Of Metals; Casting Of Other Substances By The Same Processes Or Devices 	1583
B22F	Working Metallic Powder; Manufacture Of Articles From Metallic Powder; Making Metallic Powder 	2120
B23B	Turning; Boring 	1808
B23C	Milling 	547
B23D	"Planing; Slotting; Shearing; Broaching; Sawing; Filing; Scraping; Like Operations For Working Metal By Removing Material, Not Otherwise Provided For "	1436
B23F	Making Gears Or Toothed Racks 	121
B23G	"Thread Cutting; Working Of Screws, Bolt Heads, Or Nuts, In Conjunction Therewith "	109
B23H	Working Of Metal By The Action Of A High Concentration Of Electric Current On A Workpiece Using An Electrode Which Takes The Place Of A Tool; Such Working Combined With Other Forms Of Working Of Metal 	463
B23K	Soldering Or Unsoldering; Welding; Cladding Or Plating By Soldering Or Welding; Cutting By Applying Heat Locally	5726
B23P	Other Working Of Metal; Combined Operations; Universal Machine Tools 	1866
B23Q	"Details, Components, Or Accessories For Machine Tools"	2341
B24B	"Machines, Devices, Or Processes For Grinding Or Polishing "	4121
B24C	Abrasive Or Related Blasting With Particulate Material	364
B24D	"Tools For Grinding, Buffing, Or Sharpening "	1025
B25B	"Tools Or Bench Devices Not Otherwise Provided For, For Fastening, Connecting, Disengaging Or Holding"	3898
B25C	Hand-Held Nailing Or Stapling Tools; Manually Operated Portable Stapling Tools 	803
B25D	Percussive Tools {	483
B25F	Combination Or Multi-Purpose Tools Not Otherwise Provided For; Details Or Components Of Portable Power-Driven Tools Not Particularly Related To The Operations Performed And Not Otherwise Provided For {	897
B25G	Handles For Hand Implements 	854
B25H	Workshop Equipment	1230
B25J	Manipulators; Chambers Provided With Manipulation Devices 	1732
B26B	Hand-Held Cutting Tools Not Otherwise Provided For 	1100
B26D	"Cutting; Details Common To Machines For Perforating, Punching, Cutting-Out, Stamping-Out Or Severing "	1335
B26F	Perforating; Punching; Cutting-Out; Stamping-Out; Severing By Means Other Than Cutting 	634
B27B	Saws For Wood Or Similar Material; Components Or Accessories Therefor 	629
B27C	"Planing, Drilling, Milling, Turning Or Universal Machines For Wood Or Similar Material "	260
B27D	Working Veneer Or Plywood 	75
B27F	Dovetailed Work; Tenons; Slotting Machines For Wood Or Similar Material; Nailing Or Stapling Machines 	209
B27G	Accessory Machines Or Apparatus For Working Wood Or Similar Materials; Tools For Working Wood Or Similar Materials 	257
B27H	Bending Wood Or Similar Material; Cooperage; Making Wheels From Wood Or Similar Material	26
B27J	"Mechanical Working Of Cane, Cork, Or Similar Materials"	17
B27K	"Processes, Apparatus Or Selection Of Substances For Impregnating, Staining, Dyeing, Bleaching Of Wood Or Similar Materials, Or Treating Of Wood Or Similar Materials With Permeant Liquids, Not Otherwise Provided For "	176
B27L	Removing Bark Or Vestiges Of Branches 	127
B27M	Working Of Wood Not Provided For In Subclasses B27B - B27L; Manufacture Of Specific Wooden Articles	221
B27N	"Manufacture By Dry Processes Of Articles, With Or Without Organic Binding Agents, Made From Particles Or Fibres Consisting Of Wood Or Other Lignocellulosic Or Like Organic Material "	289
B28B	"Shaping Clay Or Other Ceramic Compositions, Slag, Or Mixtures Containing Cementitious Material"	771
B28C	Preparing Clay; Producing Mixtures Containing Clay Or Cementitious Material	190
B28D	Working Stone Or Stone-Like Materials	644
B29B	Preparation Or Pretreatment Of The Material To Be Shaped; Making Granules Or Preforms; Recovery Of Plastics Or Other Constituents Of Waste Material Containing Plastics	1405
B29C	"Shaping Or Joining Of Plastics; Shaping Of Material In A Plastic State, Not Otherwise Provided For; After-Treatment Of The Shaped Products"	12841
B29D	Producing Particular Articles From Plastics Or From Substances In A Plastic State 	2480
B29K	"Indexing Scheme Associated With Subclasses B29B, B29C Or B29D, Relating To Moulding Materials Or To Materials For {Moulds, } Reinforcements, Fillers Or Preformed Parts"	4306
B29L	"Indexing Scheme Associated With Subclass B29C, Relating To Particular Articles"	5354
B30B	Presses In General 	891
B31B	"Making Containers Of Paper, Cardboard Or Material Worked In A Manner Analogous To Paper "	669
B31C	Making Wound Articles	23
B31D	"Making Articles Of Paper, Cardboard Or Material Worked In A Manner Analogous To Paper, Not Provided For In Subclasses B31B Or B31C "	217
B31F	"Mechanical Working Or Deformation Of Paper, Cardboard Or Material Worked In A Manner Analogous To Paper "	325
B32B	"Layered Products, I.E. Products Built-Up Of Strata Of Flat Or Non-Flat"	7482
B33Y	"Additive Manufacturing, I.E. Manufacturing Of Three-Dimensional [3-D] Objects By Additive Deposition, Additive Agglomeration Or Additive Layering"	1316
B41B	"Machines Or Accessories For Making, Setting, Or Distributing Type; Type; Photographic Or Photoelectric Composing Devices "	7
B41C	Processes For The Manufacture Or Reproduction Of Printing Surfaces 	1034
B41D	Apparatus For The Mechanical Reproduction Of Printing Surfaces For Stereotype Printing; Shaping Elastic Or Deformable Material To Form Printing Surfaces 	6
B41F	Printing Machines Or Presses 	2124
B41G	"Apparatus For Bronze Printing, Line Printing, Or For Bordering Or Edging Sheets Or Like Articles; Auxiliary For Perforating In Conjunction With Printing "	7
B41J	"Typewriters; Selective Printing Mechanisms, {E.G. Ink-Jet Printers, Thermal Printers}, I.E. Mechanisms Printing Otherwise Than From A Forme; Correction Of Typographical Errors "	15567
B41K	Stamps; Stamping Or Numbering Apparatus Or Devices 	104
B41L	"Apparatus Or Devices For Manifolding, Duplicating, Or Printing For Office Or Other Commercial Purposes; Addressing Machines Or Like Series-Printing Machines "	100
B41M	"Printing, Duplicating, Marking, Or Copying Processes; Colour Printing, "	2984
B41N	Printing Plates Or Foils 	522
B41P	"Indexing Scheme Relating To Printing, Lining Machines, Typewriters, And To Stamps"	654
B42B	"Permanently Attaching Together Sheets, Quires Or Signatures Or Permanently Attaching Objects Thereto "	171
B42C	Bookbinding 	812
B42D	Books; Book Covers; Loose Leaves; Printed Matter Characterised By Identification Or Security Features; Printed Matter Of Special Format Or Style Not Otherwise Provided For; Devices For Use Therewith And Not Otherwise Provided For; Movable-Strip Writing Or Reading Apparatus	1429
B42F	Sheets Temporarily Attached Together; Filing Appliances; File Cards; Indexing 	613
B42P	"Indexing Scheme Relating To Books, Filing Appliances Or The Like"	453
B43K	Implements For Writing Or Drawing 	945
B43L	Articles For Writing Or Drawing Upon; {Writing Or Drawing Aids;} Accessories For Writing Or Drawing 	491
B43M	Bureau Accessories Not Otherwise Provided For 	262
B44B	"Machines, Apparatus Or Tools For Artistic Work"	132
B44C	Producing Decorative Effects 	1134
B44D	"Painting Or Artistic Drawing, Not Otherwise Provided For; Preserving Paintings; Surface Treatment To Obtain Special Artistic Surface Effects Or Finishes "	507
B44F	Special Designs Or Pictures	406
B60B	Vehicle Wheels 	1514
B60C	Vehicle Tyres 	3165
B60D	Vehicle Connections 	873
B60F	Vehicles For Use Both On Rail And On Road; Amphibious Or Like Vehicles; Convertible Vehicles 	84
B60G	Vehicle Suspension Arrangements 	2184
B60H	"Arrangements Or Adaptations Of Heating, Cooling, Ventilating, Or Other Air-Treating Devices Specially For Passenger Or Goods Spaces Of Vehicles"	1744
B60J	"Windows, Windscreens, Non-Fixed Roofs, Doors, Or Similar Devices For Vehicles; Removable External Protective Coverings Specially Adapted For Vehicles "	3013
B60K	"Arrangement Or Mounting Of Propulsion Units Or Of Transmissions In Vehicles; Arrangement Or Mounting Of Plural Diverse Prime-Movers In Vehicles; Auxiliary Drives For Vehicles; Instrumentation Or Dashboards For Vehicles; Arrangements In Connection With Cooling, Air Intake, Gas Exhaust Or Fuel Supply Of Propulsion Units In Vehicles"	6687
B60L	Propulsion Of Electrically-Propelled Vehicles 	3739
B60M	"Power Supply Lines, And Devices Along Rails, For Electrically- Propelled Vehicles "	95
B60N	Seats Specially Adapted For Vehicles; Vehicle Passenger Accommodation Not Otherwise Provided For	4734
B60P	"Vehicles Adapted For Load Transportation Or To Transport, To Carry, Or To Comprise Special Loads Or Objects "	2410
B60Q	"Arrangement Of Signalling Or Lighting Devices, The Mounting Or Supporting Thereof Or Circuits Therefor, For Vehicles In General"	3081
B60R	"Vehicles, Vehicle Fittings, Or Vehicle Parts, Not Otherwise Provided For"	12799
B60S	"Servicing, Cleaning, Repairing, Supporting, Lifting, Or Manoeuvring Of Vehicles, Not Otherwise Provided For"	1358
B60T	"Vehicle Brake Control Systems Or Parts Thereof; Brake Control Systems Or Parts Thereof, In General "	3656
B60V	Air-Cushion Vehicles	63
B60W	Conjoint Control Of Vehicle Sub-Units Of Different Type Or Different Function; Control Systems Specially Adapted For Hybrid Vehicles; Road Vehicle Drive Control Systems For Purposes Not Related To The Control Of A Particular Sub-Unit	3914
B60Y	Indexing Scheme Relating To Aspects Cross-Cutting Vehicle Technology	1139
B61B	Railway Systems; Equipment Therefor Not Otherwise Provided For 	223
B61C	Locomotives; Motor Railcars 	122
B61D	Body Details Or Kinds Of Railway Vehicles 	527
B61F	Rail Vehicle Suspensions	185
B61G	Couplings; Draught And Buffing Appliances 	67
B61H	Brakes Or Other Retarding Apparatus Peculiar To Rail Vehicles; Arrangements Or Dispositions Of Brakes Or Other Retarding Apparatus In Rail Vehicles 	84
B61J	Shifting Or Shunting Of Rail Vehicles 	28
B61K	Other Auxiliary Equipment For Railways 	132
B61L	Guiding Railway Traffic; Ensuring The Safety Of Railway Traffic 	386
B62B	Hand-Propelled Vehicles	2309
B62C	Vehicles Drawn By Animals	7
B62D	Motor Vehicles; Trailers 	7100
B62H	Cycle Stands; Supports Or Holders For Parking Or Storing Cycles; Appliances Preventing Or Indicating Unauthorized Use Or Theft Of Cycles; Locks Integral With Cycles; Devices For Learning To Ride Cycles	365
B62J	Cycle Saddles Or Seats; Auxiliary Devices Or Accessories Specially Adapted To Cycles And Not Otherwise Provided For	1711
B62K	"Cycles; Cycle Frames; Cycle Steering Devices; Rider-Operated Terminal Controls Specially Adapted For Cycles; Cycle Axle Suspensions; Cycle Side-Cars, Forecars, Or The Like"	2675
B62L	Brakes Specially Adapted For Cycles {	277
B62M	Rider Propulsion Of Wheeled Vehicles Or Sledges; Powered Propulsion Of Sledges Or {Single-Track} Cycles; Transmissions Specially Adapted For Such Vehicles 	1432
B63B	Ships Or Other Waterborne Vessels; Equipment For Shipping  	3749
B63C	"Launching, Hauling-Out, Or Dry-Docking Of Vessels; Life-Saving In Water; Equipment For Dwelling Or Working Under Water; Means For Salvaging Or Searching For Underwater Objects "	986
B63G	Offensive Or Defensive Arrangements On Vessels; Mine-Laying; Mine-Sweeping; Submarines; Aircraft Carriers 	369
B63H	Marine Propulsion Or Steering 	1837
B63J	Auxiliaries On Vessels	258
B64B	Lighter-Than Air Aircraft	151
B64C	Aeroplanes; Helicopters 	2123
B64D	Equipment For Fitting In Or To Aircraft; Flying Suits; Parachutes; Arrangements Or Mounting Of Power Plants Or Propulsion Transmissions In Aircraft	2155
B64F	"Ground Or Aircraft-Carrier-Deck Installations Specially Adapted For Use In Connection With Aircraft; Designing, Manufacturing, Assembling, Cleaning, Maintaining Or Repairing Aircraft, Not Otherwise Provided For; Handling, Transporting, Testing Or Inspecting Aircraft Components, Not Otherwise Provided For"	593
B64G	Cosmonautics; Vehicles Or Equipment Therefor 	748
B65B	"Machines, Apparatus Or Devices For, Or Methods Of, Packaging Articles Or Materials; Unpacking "	3739
B65C	"Labelling Or Tagging Machines, Apparatus, Or Processes "	439
B65D	Containers For Storage Or Transport Of Articles Or Materials	11388
B65F	Gathering Or Removal Of Domestic Or Like Refuse 	738
B65G	Transport Or Storage Devices	4081
B65H	Handling Thin Or Filamentary Material	7534
B66B	Elevators; Escalators Or Moving Walkways 	1018
B66C	"Cranes; Load-Engaging Elements Or Devices For Cranes, Capstans, Winches, Or Tackles "	989
B66D	Capstans; Winches; Tackles	443
B66F	"Hoisting, Lifting, Hauling Or Pushing, Not Otherwise Provided For"	1164
B67B	"Applying Closure Members To Bottles Jars, Or Similar Containers; Opening Closed Containers "	398
B67C	"Cleaning, Filling With Liquids Or Semiliquids, Or Emptying, Of Bottles, Jars, Cans, Casks, Barrels, Or Similar Containers, Not Otherwise Provided For; Funnels"	316
B67D	"Dispensing, Delivering Or Transferring Liquids, Not Otherwise Provided For "	1308
B68B	Harness; Devices Used In Connection Therewith; Whips Or The Like	72
B68C	Saddles; Stirrups	131
B68F	"Making Articles From Leather, Canvas, Or The Like"	1
B68G	"Methods, Equipment, Or Machines For Use In Upholstering; Upholstery Not Otherwise Provided For"	44
B81B	Microstructural Devices Or Systems	1823
B81C	Processes Or Apparatus Specially Adapted For The Manufacture Or Treatment Of Microstructural Devices Or Systems 	1817
B82B	"Nanostructures Formed By Manipulation Of Individual Atoms, Molecules, Or Limited Collections Of Atoms Or Molecules As Discrete Units; Manufacture Or Treatment Thereof"	139
B82Y	Specific Uses Or Applications Of Nanostructures; Measurement Or Analysis Of Nanostructures; Manufacture Or Treatment Of Nanostructures	15548
C01B	Non-Metallic Elements; Compounds Thereof; {Metalloids Or Compounds Thereof Not Covered By Subclass C01C}	6341
C01C	Ammonia; Cyanogen; Compounds Thereof 	226
C01D	"Compounds Of Alkali Metals, I.E. Lithium, Sodium, Potassium, Rubidium, Caesium, Or Francium "	204
C01F	"Compounds Of The Metals Beryllium, Magnesium, Aluminium, Calcium, Strontium, Barium, Radium, Thorium, Or Of The Rare-Earth Metals "	599
C01G	Compounds Containing Metals Not Covered By Subclasses C01D Or C01F 	1604
C01P	Indexing Scheme Relating To Structural And Physical Aspects Of Solid Inorganic Compounds	2766
C02F	"Treatment Of Water, Waste Water, Sewage, Or Sludge "	5396
C03B	"Manufacture, Shaping, Or Supplementary Processes"	1731
C03C	"Chemical Composition Of Glasses, Glazes, Or Vitreous Enamels; Surface Treatment Of Glass; Surface Treatment Of Fibres Or Filaments Made From Glass, Minerals Or Slags; Joining Glass To Glass Or Other Materials"	3416
C04B	"Lime, Magnesia; Slag; Cements; Compositions Thereof"	5171
C05B	Phosphatic Fertilisers	77
C05C	Nitrogenous Fertilisers	100
C05D	"Inorganic Fertilisers Not Covered By Subclasses C05B, C05C; Fertilisers Producing Carbon Dioxide"	148
C05F	"Organic Fertilisers Not Covered By Subclasses C05B, C05C"	422
C05G	Mixtures Of Fertilisers Covered Individually By Different Subclasses Of Class C05; Mixtures Of One Or More Fertilisers With Materials Not Having A Specific Fertilising Activity	197
C06B	Explosives Or Thermic Compositions 	438
C06C	Detonating Or Priming Devices; Fuses 	115
C06D	Means For Generating Smoke Or Mist; Gas-Attack Compositions; Generation Of Gas For Blasting Or Propulsion 	158
C06F	Matches; Manufacture Of Matches	2
C07B	General Methods Of Organic Chemistry; Apparatus Therefor 	2272
C07C	Acyclic Or Carbocyclic Compounds	16635
C07D	Heterocyclic Compounds	30442
C07F	"Acyclic, Carbocyclic Or Heterocyclic Compounds Containing Elements Other Than Carbon, Hydrogen, Halogen, Oxygen, Nitrogen, Sulfur, Selenium Or Tellurium "	5323
C07G	Compounds Of Unknown Constitution	52
C07H	Sugars; Derivatives Thereof; Nucleosides; Nucleotides; Nucleic Acids 	3076
C07J	Steroids 	632
C07K	Peptides 	21427
C08B	Polysaccharides; Derivatives Thereof 	1026
C08C	Treatment Or Chemical Modification Of Rubbers	362
C08F	Macromolecular Compounds Obtained By Reactions Only Involving Carbon-To-Carbon Unsaturated Bonds	7377
C08G	Macromolecular Compounds Obtained Otherwise Than By Reactions Only Involving Unsaturated Carbon-To-Carbon Bonds	9246
C08H	Derivatives Of Natural Macromolecular Compounds 	226
C08J	"Working-Up; General Processes Of Compounding; After-Treatment Not Covered By Subclasses C08B, C08C, C08F, C08G "	4571
C08K	Use Of Inorganic Or Non-Macromolecular Organic Substances As Compounding Ingredients 	6270
C08L	Compositions Of Macromolecular Compounds 	9123
C09B	Organic Dyes Or Closely-Related Compounds For Producing Dyes {	1978
C09C	"Treatment Of Inorganic Materials, Other Than Fibrous Fillers, To Enhance Their Pigmenting Or Filling Properties "	1008
C09D	Coating Compositions	7679
C09F	Natural Resins; French Polish; Drying-Oils; Driers 	16
C09G	Polishing Compositions Other Than French Polish; Ski Waxes	551
C09H	Preparation Of Glue Or Gelatine	11
C09J	Adhesives; Non-Mechanical Aspects Of Adhesive Processes In General; Adhesive Processes Not Provided For Elsewhere; Use Of Material As Adhesives 	2452
C09K	"Materials For Miscellaneous Applications, Not Provided For Elsewhere"	7406
C10B	"Destructive Distillation Of Carbonageous Materials For Production Of Gas, Coke, Tar, Or Similar Materials "	345
C10C	"Working-Up Pitch, Asphalt, Bitumen, Tar; Pyroligneous Acid "	52
C10F	Drying Or Working-Up Of Peat	6
C10G	Cracking Hydrocarbon Oils; Production Of Liquid Hydrocarbon Mixtures	2745
C10H	Production Of Acetylene By Wet Methods {	2
C10J	"Production Of Producer Gas, Water-Gas, Synthesis Gas From Solid Carbonaceous Material, Or Mixtures Containing These Gases "	491
C10K	Purifying Or Modifying The Chemical Composition Of Combustible Gases Containing Carbon Monoxide	279
C10L	Fuels Not Otherwise Provided For 	1460
C10M	Lubricating Compositions 	1098
C10N	Indexing Scheme Associated With Subclass C10M Relating To Lubricating Compositions	939
C11B	Producing 	627
C11C	"Fatty Acids From Fats, Oils Or Waxes; Candles; Fats, Oils Or Fatty Acids By Chemical Modification Of Fats, Oils, Or Fatty Acids Obtained Therefrom"	537
C11D	Detergent Compositions 	3513
C12C	Beer; Preparation Of Beer By Fermentation 	124
C12F	Recovery Of By-Products Of Fermented Solutions 	23
C12G	Wine; Preparation Thereof; Alcoholic Beverages 	80
C12H	"Pasteurisation, Sterilisation, Preservation, Purification, Clarification Or Ageing Of Alcoholic Beverages; Methods For Altering The Alcohol Content Of Fermented Solutions Or Alcoholic Beverages "	84
C12J	Vinegar; Preparation Or Purification Thereof	9
C12L	Pitching Or Depitching Machines; Cellar Tools 	3
C12M	"Apparatus For Enzymology Or Microbiology; {Apparatus For Culturing Microorganisms For Producing Biomass, For Growing Cells Or For Obtaining Fermentation Or Metabolic Products, I.E. Bioreactors Or Fermenters}"	1207
C12N	"Microorganisms Or Enzymes; Compositions Thereof; Propagating, Preserving, Or Maintaining Microorganisms; Mutation Or Genetic Engineering; Culture Media "	19144
C12P	Fermentation Or Enzyme-Using Processes To Synthesise A Desired Chemical Compound Or Composition Or To Separate Optical Isomers From A Racemic Mixture {	4406
C12Q	"Measuring Or Testing Processes Involving Enzymes, Nucleic Acids Or Microorganisms "	9143
C12R	Processes Using Microorganisms	712
C12Y	Enzymes	2307
C13B	Production Of Sucrose; Apparatus Specially Adapted Therefor 	82
C13K	"Saccharides, Other Than Sucrose, Obtained From Natural Sources Or By Hydrolysis Of Naturally Occurring Di-, Oligo- Or Polysaccharides "	149
C14B	"Mechanical Treatment Or Processing Of Skins, Hides Or Leather In General; Pelt-Shearing Machines; Intestine-Splitting Machines "	35
C14C	"Chemical Treatment Of Hides, Skins Or Leather"	105
C21B	Manufacture Of Iron Or Steel 	374
C21C	Processing Of Pig-Iron	364
C21D	"Modifying The Physical Structure Of Ferrous Metals; General Devices For Heat Treatment Of Ferrous Or Non-Ferrous Metals Or Alloys; Making Metal Malleable By Decarburisation, Tempering Or Other Treatments "	1096
C22B	Production And Refining Of Metals 	1290
C22C	Alloys 	2678
C22F	Changing The Physical Structure Of Non-Ferrous Metals And Non-Ferrous Alloys 	460
C23C	"Coating Metallic Material; Coating Material With Metallic Material; Surface Treatment Of Metallic Material By Diffusion Into The Surface, By Chemical Conversion Or Substitution; Coating By Vacuum Evaporation, By Sputtering, By Ion Implantation Or By Chemical Vapour Deposition, In General "	9388
C23D	"Enamelling Of, Or Applying A Vitreous Layer To, Metals "	17
C23F	Non-Mechanical Removal Of Metallic Material From Surface 	904
C23G	Cleaning Or Degreasing Of Metallic Material By Chemical Methods Other Than Electrolysis 	363
C25B	Electrolytic Or Electrophoretic Processes For The Production Of Compounds Or Non-Metals; Apparatus Therefor 	786
C25C	"Processes For The Electrolytic Production, Recovery Or Refining Of Metals; Apparatus Therefor"	389
C25D	Processes For The Electrolytic Or Electrophoretic Production Of Coatings; Electroforming; Apparatus Therefor	2000
C25F	Processes For The Electrolytic Removal Of Materials From Objects; Apparatus Therefor	294
C30B	Single-Crystal-Growth 	2491
C40B	Combinatorial Chemistry; Libraries	1565
D01B	Mechanical Treatment Of Natural Fibrous Or Filamentary Material To Obtain Fibres Of Filaments	38
D01C	Chemical Treatment Of Natural Filamentary Or Fibrous Material To Obtain Filaments Or Fibres For Spinning; Carbonising Rags To Recover Animal Fibres	13
D01D	"Mechanical Methods Or Apparatus In The Manufacture Of Artificial Filaments, Threads, Fibres, Bristles Or Ribbons"	596
D01F	"Chemical Features In The Manufacture Of Artificial Filaments, Threads, Fibres, Bristles Or Ribbons; Apparatus Specially Adapted For The Manufacture Of Carbon Filaments"	1180
D01G	Preliminary Treatment Of Fibres	297
D01H	Spinning Or Twisting 	315
D02G	"Crimping Or Curling Fibres, Filaments, Threads, Or Yarns; Yarns Or Threads"	409
D02H	"Warping, Beaming Or Leasing"	29
D02J	"Finishing Or Dressing Of Filaments, Yarns, Threads, Cords, Ropes Or The Like "	124
D03C	Shedding Mechanisms; Pattern Cards Or Chains; Punching Of Cards; Designing Patterns	124
D03D	Woven Fabrics; Methods Of Weaving; Looms	659
D03J	Auxiliary Weaving Apparatus; Weavers' Tools; Shuttles	59
D04B	Knitting	768
D04C	"Braiding Or Manufacture Of Lace, Including Bobbin-Net Or Carbonised Lace; Braiding Machines; Braid; Lace "	137
D04D	"Trimmings; Ribbons, Tapes Or Bands, Not Otherwise Provided For "	59
D04G	Making Nets By Knotting Of Filamentary Material; Making Knotted Carpets Or Tapestries; Knotting Not Otherwise Provided For 	20
D04H	Making Textile Fabrics	1040
D05B	Sewing 	563
D05C	Embroidering; Tufting 	231
D05D	"Indexing Scheme Associated With Subclasses D05B And D05C, Relating To Sewing, Embroidering And Tufting"	87
D06B	"Treating Textile Materials Using Liquids, Gases Or Vapours "	196
D06C	"Finishing, Dressing, Tentering Or Stretching Textile Fabrics"	178
D06F	"Laundering, Drying, Ironing, Pressing Or Folding Textile Articles"	1976
D06G	"Mechanical Or Pressure Cleaning Of Carpets, Rugs, Sacks, Hides, Or Other Skin Or Textile Articles Or Fabrics; Turning Inside-Out Flexible Tubular Or Other Hollow Articles"	16
D06H	"Marking, Inspecting, Seaming Or Severing Textile Materials "	60
D06J	"Pleating, Kilting Or Goffering Textile Fabrics Or Wearing Apparel "	9
D06L	"Dry-Cleaning, Washing Or Bleaching Fibres, Filaments, Threads, Yarns, Fabrics, Feathers Or Made-Up Fibrous Goods; Bleaching Leather Or Furs"	233
D06M	"Treatment, Not Provided For Elsewhere In Class D06, Of Fibres, Threads, Yarns, Fabrics, Feathers Or Fibrous Goods Made From Such Materials"	1037
D06N	"Wall, Floor, Or Like Covering Materials"	379
D06P	"Dyeing Or Printing Textiles; Dyeing Leather, Furs Or Solid Macromolecular Substances In Any Form"	496
D06Q	Decorating Textiles 	82
D07B	Ropes Or Cables In General 	268
D10B	"Indexing Scheme Associated With Sublasses Of Section D, Relating To Textiles"	643
D21B	Fibrous Raw Materials Or Their Mechanical Treatment	160
D21C	Production Of Cellulose By Removing Non-Cellulose Substances From Cellulose-Containing Materials; Regeneration Of Pulping Liquors; Apparatus Therefor	623
D21D	Treatment Of The Materials Before Passing To The Paper-Making Machine	175
D21F	Paper-Making Machines; Methods Of Producing Paper Thereon	1012
D21G	Calenders; Accessories For Paper-Making Machines 	485
D21H	Pulp Compositions; Preparation Thereof Not Covered By Subclasses D21C Or D21D; Impregnating Or Coating Of Paper; Treatment Of Finished Paper Not Covered By Class B31 Or Subclass D21G; Paper Not Otherwise Provided For	1499
D21J	Fibreboard; Manufacture Of Articles From Cellulosic Fibrous Suspensions Or From Papier-Mache 	63
E01B	Permanent Way; Permanent-Way Tools; Machines For Making Railways Of All Kinds 	336
E01C	"Construction Of, Or Surfaces For, Roads, Sports Grounds, Or The Like; Machines Or Auxiliary Tools For Construction Or Repair "	1065
E01D	"Construction Of Bridges, {Elevated Roadways} Or Viaducts; Assembly Of Bridges "	279
E01F	"Additional Work, Such As Equipping Roads Or The Construction Of Platforms, Helicopter Landing Stages, Signs, Snow Fences, Or The Like"	836
E01H	Street Cleaning; Cleaning Of Permanent Ways; Cleaning Beaches; Dispersing {Or Preventing} Fog In General {Cleaning Street Or Railway Furniture Or Tunnel Walls} 	667
E02B	Hydraulic Engineering 	887
E02C	Ship-Lifting Devices Or Mechanisms	9
E02D	Foundations; Excavations; Embankments 	1376
E02F	Dredging; Soil-Shifting 	1815
E03B	"Installations Or Methods For Obtaining, Collecting, Or Distributing Water "	434
E03C	Domestic Plumbing Installations For Fresh Water Or Waste Water 	1122
E03D	Water-Closets Or Urinals With Flushing Devices; Flushing Valves Therefor	791
E03F	Sewers; Cesspools	596
E04B	General Building Constructions; Walls	2858
E04C	Structural Elements; Building Materials 	1521
E04D	Roof Coverings; Sky-Lights; Gutters; Roof-Working Tools 	1220
E04F	Finishing Work On Buildings	2549
E04G	"Scaffolding; Forms; Shuttering; Building Implements Or Other Building Aids, Or Their Use; Handling Building Materials On The Site; Repairing, Breaking-Up Or Other Work On Existing Buildings"	1306
E04H	"Buildings Or Like Structures For Particular Purposes; Swimming Or Splash Baths Or Pools; Masts; Fencing; Tents Or Canopies, In General "	2925
E05B	Locks; Accessories Therefor; Handcuffs	3672
E05C	"Bolts Or Fastening Devices For Wings, Specially For Doors Or Windows "	1130
E05D	"Hinges Or Other Suspension Devices For Doors, Windows Or Wings "	1794
E05F	"Devices For Moving Wings Into Open Or Closed Position; Checks For Wings; Wing Fittings Not Otherwise Provided For, Concerned With The Functioning Of The Wing"	1890
E05G	Safes Or Strong-Rooms For Valuables; Bank Protection Devices; Safety Transaction Partitions 	146
E05Y	"Indexing Scheme Relating To Hinges Or Other Suspension Devices For Doors, Windows Or Wings And Devices For Moving Wings Into Open Or Closed Position, Checks For Wings And Wing Fittings Not Otherwise Provided For, Concerned With The Functioning Of The Wing"	3009
E06B	"Fixed Or Movable Closures For Openings In Buildings, Vehicles, Fences Or Like Enclosures In General"	2705
E06C	Ladders 	602
E21B	Earth Drilling	8067
E21C	Mining Or Quarrying	329
E21D	Shafts; Tunnels; Galleries; Large Underground Chambers 	321
E21F	"Safety Devices, Transport, Filling-Up, Rescue, Ventilation, Or Draining In Or Of Mines Or Tunnels"	144
F01B	"Machines Or Engines, In General Or Of Positive-Displacement Type"	461
F01C	Rotary-Piston Or Oscillating-Piston Machines Or Engines 	820
F01D	Non-Positive Displacement Machines Or Engines	3845
F01K	Steam Engine Plants; Steam Accumulators; Engine Plants Not Otherwise Provided For; Engines Using Special Working Fluids Or Cycles 	900
F01L	Cyclically Operating Valves For Machines Or Engines 	3027
F01M	Lubricating Of Machines Or Engines In General; Lubricating Internal Combustion Engines; Crankcase Ventilating	1104
F01N	Gas-Flow Silencers Or Exhaust Apparatus For Machines Or Engines In General; Gas-Flow Silencers Or Exhaust Apparatus For Internal Combustion Engines 	4085
F01P	Cooling Of Machines Or Engines In General; Cooling Of Internal-Combustion Engines 	1189
F02B	Internal-Combustion Piston Engines; Combustion Engines In General 	5584
F02C	Gas-Turbine Plants; Air Intakes For Jet-Propulsion Plants; Controlling Fuel Supply In Air-Breathing Jet-Propulsion Plants 	1987
F02D	Controlling Combustion Engines 	7611
F02F	"Cylinders, Pistons Or Casings, For Combustion Engines; Arrangements Of Sealings In Combustion Engines "	1188
F02G	Hot Gas Or Combustion-Product Positive-Displacement Engine Plants 	537
F02K	Jet-Propulsion Plants 	801
F02M	Supplying Combustion Engines In General With Combustible Mixtures Or Constituents Thereof	7248
F02N	Starting Of Combustion Engines 	1055
F02P	"Ignition, Other Than Compression Ignition, For Internal-Combustion Engines; Testing Of Ignition Timing In Compression-Ignition Engines "	1011
F03B	Machines Or Engines For Liquids 	985
F03C	Positive-Displacement Engines Driven By Liquids 	96
F03D	Wind Motors	1978
F03G	"Spring, Weight, Inertia Or Like Motors; Mechanical-Power Producing Devices Or Mechanisms, Not Otherwise Provided For Or Using Energy Sources Not Otherwise Provided For "	820
F03H	"Producing A Reactive Propulsive Thrust, Not Otherwise Provided For "	90
F04B	Positive-Displacement Machines For Liquids; Pumps 	3749
F04C	"Rotary-Piston, Or Oscillating-Piston, Positive-Displacement Machines For Liquids "	1875
F04D	Non-Positive-Displacement Pumps 	3443
F04F	Pumping Of Fluid By Direct Contact Of Another Fluid Or By Using Inertia Of Fluid To Be Pumped {	314
F05B	"Indexing Scheme Relating To Wind, Spring, Weight, Inertia Or Like Motors, To Machines Or Engines For Liquids Covered By Subclasses F03B, F03D And F03G"	2339
F05C	"Indexing Scheme Relating To Materials, Material Properties Or Material Characteristics For Machines, Engines Or Pumps Other Than Non-Positive-Displacement Machines Or Engines"	563
F05D	"Indexing Scheme For Aspects Relating To Non-Positive-Displacement Machines Or Engines, Gas-Turbines Or Jet-Propulsion Plants"	3553
F15B	Systems Acting By Means Of Fluids In General; Fluid-Pressure Actuators	2076
F15C	Fluid-Circuit Elements Predominantly Used For Computing Or Control Purposes 	162
F15D	"Fluid Dynamics, I.E. Methods Or Means For Influencing The Flow Of Gases Or Liquids "	182
F16B	Devices For Fastening Or Securing Constructional Elements Or Machine Parts Together	4238
F16C	Shafts; Flexible Shafts; Elements Or Crankshaft Mechanisms; Rotary Bodies Other Than Gearing Elements; Bearings	4997
F16D	Couplings For Transmitting Rotation; Clutches; Brakes	5047
F16F	Springs; Shock-Absorbers; Means For Damping Vibration	2999
F16G	"Belts, Cables, Or Ropes, Predominantly Used For Driving Purposes; Chains; Fittings Predominantly Used Therefor"	731
F16H	Gearing	9024
F16J	Pistons {	1777
F16K	Valves; Taps; Cocks; Actuating-Floats; Devices For Venting Or Aerating {	4793
F16L	"Pipes; Joints Or Fittings For Pipes; Supports For Pipes, Cables Or Protective Tubing; Means For Thermal Insulation In General"	4595
F16M	"Frames, Casings, Or Beds Of Engines Or Other Machines Or Apparatus Not Specific To An Engine, Machine, Or Apparatus Provided For Elsewhere; Stands Or Supports"	2641
F16N	Lubricating	361
F16P	Safety Devices In General; {Safety Devices For Presses}	203
F16S	"Constructional Elements In General; Structures Built-Up From Such Elements, In General"	2
F16T	Steam Traps Or Like Apparatus For Draining-Off Liquids From Enclosures Predominantly Containing Gases Or Vapours	22
F17B	Gas-Holders Of Variable Capacity 	4
F17C	"Vessels For Containing Or Storing Compressed, Liquefied Or Solidified Gases; Fixed-Capacity Gas-Holders; Filling Vessels With, Or Discharging From Vessels, Compressed, Liquefied, Or Solidified Gases "	1136
F17D	Pipe-Line Systems; Pipe-Lines 	288
F21H	Incandescent Mantles; Other Incandescent Bodies Heated By Combustion	6
F21K	Non-Electric Light Sources Using Luminescence; Light Sources Using Electrochemiluminescence; Light Sources Using Charges Of Combustible Material; Light Sources Using Semiconductor Devices As Light-Generating Elements; Light Sources Not Otherwise Provided For	1945
F21L	"Lighting Devices Or Systems Thereof, Being Portable Or Specially Adapted For Transportation"	953
F21S	Non-Portable Lighting Devices; Systems Thereof; Vehicle Lighting Devices Specially Adapted For Vehicle Exteriors	4522
F21V	"Functional Features Or Details Of Lighting Devices Or Systems Thereof; Structural Combinations Of Lighting Devices With Other Articles, Not Otherwise Provided For"	7921
F21W	"Indexing Scheme Associated With Subclasses F21K, F21L, F21S And F21V, Relating To Uses Or Applications Of Lighting Devices Or Systems"	2223
F21Y	"Indexing Scheme Associated With Subclasses F21K, F21L, F21S And F21V, Relating To The Form Or The Kind Of The Light Sources Or Of The Colour Of The Light Emitted"	4973
F22B	Methods Of Steam Generation; Steam Boilers 	498
F22D	"Preheating, Or Accumulating Preheated, Feed-Water For Steam Generation; Feed-Water Supply For Steam Generation; Controlling Water Level For Steam Generation; Auxiliary Devices For Promoting Water Circulation Within Steam Boilers"	49
F22G	Superheating Of Steam 	43
F23B	Methods Or Apparatus For Combustion Using Only Solid Fuel 	53
F23C	Methods Or Apparatus For Combustion Using Fluid Fuel Or Solid Fuel Suspended In  {A Carrier Gas Or} Air  	682
F23D	Burners 	950
F23G	Cremation Furnaces; Consuming Waste Products By Combustion	553
F23H	Grates 	35
F23J	Removal Or Treatment Of Combustion Products Or Combustion Residues; Flues  	493
F23K	Feeding Fuel To Combustion Apparatus 	235
F23L	Supplying Air Or Non-Combustible Liquids Or Gases To Combustion Apparatus In General  	378
F23M	"Casings, Linings, Walls Or Doors Specially Adapted For Combustion Chambers"	302
F23N	Regulating Or Controlling Combustion 	569
F23Q	Ignition 	407
F23R	Generating Combustion Products Of High Pressure Or High Velocity	808
F24B	Domestic Stoves Or Ranges For Solid Fuels	216
F24C	"Other Domestic Stoves Or Ranges; Details Of Domestic Stoves Or Ranges, Of General Application "	1054
F24D	Domestic- Or Space-Heating Systems	511
F24F	Air-Conditioning; Air-Humidification; Ventilation; Use Of Air Currents For Screening 	2783
F24H	Fluid Heaters	744
F24J	Production Or Use Of Heat Not Otherwise Provided For 	1
F24S	Solar Heat Collectors; Solar Heat Systems 	1341
F24T	Geothermal Collectors; Geothermal Systems	130
F24V	"Collection, Production Or Use Of Heat Not Otherwise Provided For"	181
F25B	"Refrigeration Machines, Plants Or Systems; Combined Heating And Refrigeration Systems; Heat-Pump Systems "	3037
F25C	"Producing, Working Or Handling Ice"	497
F25D	Refrigerators; Cold Rooms; Ice-Boxes; Cooling Or Freezing Apparatus Not Covered By Any Other Subclass 	2315
F25J	"Liquefaction, Solidification Or Separation Of Gases Or Gaseous {Or Liquefied Gaseous} Mixtures By Pressure And Cold Treatment {Or By Bringing Them Into The Supercritical State "	462
F26B	Drying Solid Materials Or Objects By Removing Liquid Therefrom 	1010
F27B	"Furnaces, Kilns, Ovens, Or Retorts In General; Open Sintering Or Like Apparatus"	802
F27D	"Details Or Accessories Of Furnaces, Kilns, Ovens, Or Retorts, In So Far As They Are Of Kinds Occurring In More Than One Kind Of Furnace "	909
F27M	"Indexing Scheme Relating To Aspects Of The Charges Or Furnaces, Kilns, Ovens Or Retorts"	14
F28B	Steam Or Vapour Condensers 	99
F28C	"Heat-Exchange Apparatus, Not Provided For In Another Subclass, In Which The Heat-Exchange Media Come Into Direct Contact Without Chemical Interaction "	118
F28D	"Heat-Exchange Apparatus, Not Provided For In Another Subclass, In Which The Heat-Exchange Media Do Not Come Into Direct Contact "	3125
F28F	"Details Of Heat-Exchange And Heat-Transfer Apparatus, Of General Application "	3046
F28G	Cleaning Of Internal Or External Surfaces Of Heat-Exchange Or Heat-Transfer Conduits	123
F41A	Functional Features Or Details Common To Both Smallarms And Ordnance	1775
F41B	Weapons For Projecting Missiles Without Use Of Explosive Or Combustible Propellant Charge; Weapons Not Otherwise Provided For 	1213
F41C	Smallarms	714
F41F	Apparatus For Launching Projectiles Or Missiles From Barrels	182
F41G	Weapon Sights; Aiming 	1011
F41H	Armour; Armoured Turrets; Armoured Or Armed Vehicles; Means Of Attack Or Defence	1275
F41J	Targets; Target Ranges; Bullet Catchers {	281
F42B	Explosive Charges	1974
F42C	Ammunition Fuzes 	334
F42D	Blasting 	281
G01B	"Measuring Length, Thickness Or Similar Linear Dimensions; Measuring Angles; Measuring Areas; Measuring Irregularities Of Surfaces Or Contours {"	5186
G01C	"Measuring Distances, Levels Or Bearings; Surveying; Navigation; Gyroscopic Instruments; Photogrammetry Or Videogrammetry "	5046
G01D	Measuring Not Specially Adapted For A Specific Variable; Arrangements For Measuring Two Or More Variables Not Covered In A Single Other Subclass; Tariff Metering Apparatus; Measuring Or Testing Not Otherwise Provided For	3711
G01F	"Measuring Volume, Volume Flow, Mass Flow Or Liquid Level; Metering By Volume"	3013
G01G	Weighing 	1080
G01H	"Measurement Of Mechanical Vibrations Or Ultrasonic, Sonic Or Infrasonic Waves"	555
G01J	"Measurement Of Intensity, Velocity, Spectral Content, Polarisation, Phase Or Pulse Characteristics Of Infra-Red, Visible Or Ultra-Violet Light; Colorimetry; Radiation Pyrometry "	4004
G01K	Measuring Temperature; Measuring Quantity Of Heat; Thermally-Sensitive Elements Not Otherwise Provided For 	1730
G01L	"Measuring Force, Stress, Torque, Work, Mechanical Power, Mechanical Efficiency, Or Fluid Pressure "	3195
G01M	"Testing Static Or Dynamic Balance Of Machines Or Structures; Testing Of Structures Or Apparatus, Not Otherwise Provided For"	3073
G01N	Investigating Or Analysing Materials By Determining Their Chemical Or Physical Properties 	32418
G01P	"Measuring Linear Or Angular Speed, Acceleration, Deceleration, Or Shock; Indicating Presence, Absence, Or Direction, Of Movement "	2290
G01Q	Scanning-Probe Techniques Or Apparatus; Applications Of Scanning-Probe Techniques	982
G01R	Measuring Electric Variables; Measuring Magnetic Variables 	16666
G01S	Radio Direction-Finding; Radio Navigation; Determining Distance Or Velocity By Use Of Radio Waves; Locating Or Presence-Detecting By Use Of The Reflection Or Reradiation Of Radio Waves; Analogous Arrangements Using Other Waves	7981
G01T	Measurement Of Nuclear Or X-Radiation 	1865
G01V	Geophysics; Gravitational Measurements; Detecting Masses Or Objects 	3099
G01W	Meteorology 	247
G02B	"Optical Elements, Systems, Or Apparatus "	33814
G02C	Spectacles; Sunglasses Or Goggles Insofar As They Have The Same Features As Spectacles; Contact Lenses 	1767
G02F	"Devices Or Arrangements, The Optical Operation Of Which Is Modified By Changing The Optical Properties Of The Medium Of The Devices Or Arrangements For The Control Of The Intensity, Colour, Phase, Polarisation Or Direction Of Light"	13322
G03B	Apparatus Or Arrangements For Taking Photographs Or For Projecting Or Viewing Them; Apparatus Or Arrangements Employing Analogous Techniques Using Waves Other Than Optical Waves; Accessories Therefor 	8545
G03C	Photosensitive Materials For Photographic Purposes 	1853
G03D	Apparatus For Processing Exposed Photographic Materials 	372
G03F	Photomechanical Production Of Textured Or Patterned Surfaces	12132
G03G	Electrography; Electrophotography; Magnetography 	13444
G03H	Holographic Processes Or Apparatus 	1124
G04B	"Mechanically-Driven Clocks Or Watches; Mechanical Parts Of Clocks Or Watches In General; Time Pieces Using The Position Of The Sun, Moon Or Stars "	587
G04C	Electromechanical Clocks Or Watches 	247
G04D	Apparatus Or Tools Specially Designed For Making Or Maintaining Clocks Or Watches	42
G04F	Time-Interval Measuring 	409
G04G	Electronic Time-Pieces	583
G04R	Radio-Controlled Time-Pieces	137
G05B	Control Or Regulating Systems In General; Functional Elements Of Such Systems; Monitoring Or Testing Arrangements For Such Systems Or Elements 	5396
G05D	Systems For Controlling Or Regulating Non-Electric Variables 	2789
G05F	Systems For Regulating Electric Or Magnetic Variables 	1567
G05G	Control Devices Or Systems Insofar As Characterised By Mechanical Features Only 	1061
G06C	Digital Computers In Which All The Computation Is Effected Mechanically 	21
G06E	Optical Computing Devices; {Computing Devices Using Other Radiations With Similar Properties} 	65
G06F	Electric Digital Data Processing 	108226
G06G	Analogue Computers 	160
G06J	Hybrid Computing Arrangements 	22
G06K	Recognition Of Data; Presentation Of Data; Record Carriers; Handling Record Carriers	18563
G06M	Counting Mechanisms; Counting Of Objects Not Otherwise Provided For 	109
G06N	Computer Systems Based On Specific Computational Models	2454
G06Q	"Data Processing Systems Or Methods, Specially Adapted For Administrative, Commercial, Financial, Managerial, Supervisory Or Forecasting Purposes; Systems Or Methods Specially Adapted For Administrative, Commercial, Financial, Managerial, Supervisory Or Forecasting Purposes, Not Otherwise Provided For"	26439
G06T	"Image Data Processing Or Generation, In General"	15441
G07B	Ticket-Issuing Apparatus; Fare-Registering Apparatus; Franking Apparatus	781
G07C	"Time Or Attendance Registers; Registering Or Indicating The Working Of Machines; Generating Random Numbers; Voting Or Lottery Apparatus; Arrangements, Systems Or Apparatus For Checking Not Provided For Elsewhere "	3029
G07D	Handling Of Coins Or Valuable Papers	1522
G07F	Coin-Freed Or Like Apparatus 	6773
G07G	"Registering The Receipt Of Cash, Valuables, Or Tokens "	623
G08B	Signalling Or Calling Systems; Order Telegraphs; Alarm Systems {	4846
G08C	"Transmission Systems For Measured Values, Control Or Similar Signals "	1033
G08G	Traffic Control Systems 	2718
G09B	"Educational Or Demonstration Appliances; Appliances For Teaching, Or Communicating With, The Blind, Deaf Or Mute; Models; Planetaria; Globes; Maps; Diagrams "	3337
G09C	Coding Or Ciphering Apparatus For Cryptographic Or Other Purposes Involving The Need For Secrecy 	207
G09D	Railway Or Like Time Or Fare Tables; Perpetual Calendars 	41
G09F	Displaying; Advertising; Signs; Labels Or Name-Plates; Seals	4675
G09G	Arrangements Or Circuits For Control Of Indicating Devices Using Static Means To Present Variable Information 	11659
G10B	"Organs, Harmoniums Or Similar Wind Musical Instruments With Associated Blowing Apparatus "	3
G10C	"Pianos, Harpsichords, Spinets Or Similar Stringed Musical Instruments With One Or More Keyboards "	144
G10D	Stringed Musical Instruments; Wind Musical Instruments; Accordions Or Concertinas; Percussion Musical Instruments; Aeolian Harps; Singing-Flame Musical Instruments; Musical Instruments Not Otherwise Provided For 	1231
G10F	Automatic Musical Instruments 	58
G10G	Aids For Music 	392
G10H	Electrophonic Musical Instruments 	1702
G10K	Sound-Producing Devices 	1148
G10L	Speech Analysis Or Synthesis; Speech Recognition; Speech Or Voice Processing; Speech Or Audio Coding Or Decoding	4732
G11B	Information Storage Based On Relative Movement Between Record Carrier And Transducer 	33964
G11C	Static Stores 	18477
G12B	"Constructional Details Of Instruments, Or Comparable Details Of Other Apparatus, Not Otherwise Provided For"	34
G16B	"Bioinformatics, I.E. Information And Communication Technology [Ict] Specially Adapted For Genetic Or Protein-Related Data Processing In Computational Molecular Biology"	1045
G16C	Computational Chemistry; Chemoinformatics; Computational Materials Science	225
G16H	"Healthcare Informatics, I.E. Information And Communication Technology [Ict] Specially Adapted For The Handling Or Processing Of Medical Or Healthcare Data"	3644
G16Y	Information And Communication Technology Specially Adapted For The Internet Of Things [Iot]	4
G16Z	"Information And Communication Technology [Ict] Specially Adapted For Specific Application Fields, Not Otherwise Provided For"	441
G21B	Fusion Reactors 	58
G21C	Nuclear Reactors 	551
G21D	Nuclear Power Plant	107
G21F	"Protection Against X-Radiation, Gamma Radiation, Corpuscular Radiation Or Particle Bombardment; Treating Radioactively Contaminated Material; Decontamination Arrangements Therefor "	509
G21G	Conversion Of Chemical Elements; Radioactive Sources 	149
G21H	"Obtaining Energy From Radioactive Sources; Applications Of Radiation From Radioactive Sources, Not Otherwise Provided For; Utilising Cosmic Radiation "	39
G21J	Nuclear Explosives; Applications Thereof 	1
G21K	Techniques For Handling Particles Or Ionising Radiation Not Otherwise Provided For; Irradiation Devices; Gamma Ray Or X-Ray Microscopes	1228
G21Y	"Indexing Scheme Relating To Nuclear Reactors, Power Plants And Explosives, To Protection Against Radiation, To The Treatment Of Radioactively Contaminated Material, To Applications Of Radioactive Sources And To The Utilisation Of Cosmic Radiation"	1
H01B	"Cables; Conductors; Insulators; Selection Of Materials For Their Conductive, Insulating Or Dielectric Properties "	2682
H01C	Resistors	867
H01F	Magnets; Inductances; Transformers; Selection Of Materials For Their Magnetic Properties 	5056
H01G	"Capacitors; Capacitors, Rectifiers, Detectors, Switching Devices Or Light-Sensitive Devices, Of The Electrolytic Type "	3337
H01H	Electric Switches; Relays; Selectors; Emergency Protective Devices 	6505
H01J	Electric Discharge Tubes Or Discharge Lamps 	14240
H01K	Electric Incandescent Lamps 	364
H01L	Semiconductor Devices; Electric Solid State Devices Not Otherwise Provided For 	85712
H01M	Processes Or Means	11899
H01P	"Waveguides; Resonators, Lines, Or Other Devices Of The Waveguide Type "	2377
H01Q	"Antennas, I.E. Radio Aerials "	7913
H01R	Electrically-Conductive Connections; Structural Associations Of A Plurality Of Mutually-Insulated Electrical Connecting Elements; Coupling Devices; Current Collectors	17942
H01S	Devices Using The Process Of Light Amplification By Stimulated Emission Of Radiation [Laser] To Amplify Or Generate Light; Devices Using Stimulated Emission Of Electromagnetic Radiation In Wave Ranges Other Than Optical	6349
H01T	Spark Gaps; Overvoltage Arresters Using Spark Gaps; Sparking Plugs; Corona Devices; Generating Ions To Be Introduced Into Non-Enclosed Gases 	622
H02B	"Boards, Substations, Or Switching Arrangements For The Supply Or Distribution Of Electric Power "	516
H02G	"Installation Of Electric Cables Or Lines, Or Of Combined Optical And Electric Cables Or Lines "	3128
H02H	Emergency Protective Circuit Arrangements 	1665
H02J	Circuit Arrangements Or Systems For Supplying Or Distributing Electric Power; Systems For Storing Electric Energy	5919
H02K	Dynamo-Electric Machines 	7929
H02M	"Apparatus For Conversion Between Ac And Ac, Between Ac And Dc, Or Between Dc And Dc, And For Use With Mains Or Similar Power Supply Systems; Conversion Of Dc Or Ac Input Power Into Surge Output Power; Control Or Regulation Thereof "	6375
H02N	Electric Machines Not Otherwise Provided For	1341
H02P	"Control Or Regulation Of Electric Motors, Electric Generators Or Dynamo-Electric Converters; Controlling Transformers, Reactors Or Choke Coils"	3141
H02S	"Generation Of Electric Power By Conversion Of Infra-Red Radiation, Visible Light Or Ultraviolet Light"	1122
H03B	"Generation Of Oscillations, Directly Or By Frequency-Changing, By Circuits Employing Active Elements Which Operate In A Non-Switching Manner; Generation Of Noise By Such Circuits "	1223
H03C	Modulation 	446
H03D	Demodulation Or Transference Of Modulation From One Carrier To Another 	1120
H03F	Amplifiers 	4626
H03G	Control Of Amplification 	1729
H03H	Impedance Networks	3496
H03J	Tuning Resonant Circuits; Selecting Resonant Circuits 	734
H03K	Pulse Technique 	8659
H03L	"Automatic Control, Starting, Synchronisation, Or Stabilisation Of Generators Of Electronic Oscillations Or Pulses "	3539
H03M	Coding; Decoding; Code Conversion In General 	6741
H04B	Transmission	20775
H04H	Broadcast Communication 	2431
H04J	Multiplex Communication 	5358
H04K	Secret Communication; Jamming Of Communication	485
H04L	Transmission Of Digital Information	64349
H04M	Telephonic Communication 	18078
H04N	Pictorial Communication	50233
H04Q	Selecting 	4832
H04R	"Loudspeakers, Microphones, Gramophone Pick-Ups Or Like Acoustic Electromechanical Transducers; Deaf-Aid Sets; Public Address Systems "	5331
H04S	Stereophonic Systems 	766
H04W	Wireless Communication Networks 	27254
H05B	Electric Heating; Electric Lighting Not Otherwise Provided For	9320
H05C	"Electric Circuits Or Apparatus Specially Designed For Use In Equipment For Killing, Stunning, Or Guiding Living Beings "	42
H05F	Static Electricity; Naturally-Occurring Electricity 	80
H05G	X-Ray Technique 	502
H05H	Plasma Technique 	1032
H05K	Printed Circuits; Casings Or Constructional Details Of Electric Apparatus; Manufacture Of Assemblages Of Electrical Components	21087
Y02A	Technologies For Adaptation To Climate Change	8068
Y02B	"Climate Change Mitigation Technologies Related To Buildings, E.G. Housing, House Appliances Or Related End-User Applications"	8010
Y02C	"Capture, Storage, Sequestration Or Disposal Of Greenhouse Gases [Ghg]"	1122
Y02D	"Climate Change Mitigation Technologies In Information And Communication Technologies [Ict], I.E. Information And Communication Technologies Aiming At The Reduction Of Their Own Energy Use"	7302
Y02E	"Reduction Of Greenhouse Gas [Ghg] Emissions, Related To Energy Generation, Transmission Or Distribution"	27274
Y02P	Climate Change Mitigation Technologies In The Production Or Processing Of Goods	16989
Y02T	Climate Change Mitigation Technologies Related To Transportation	16357
Y02W	Climate Change Mitigation Technologies Related To Wastewater Treatment Or Waste Management	3382
Y04S	"Systems Integrating Technologies Related To Power Network Operation, Communication Or Information Technologies For Improving The Electrical Power Generation, Transmission, Distribution, Management Or Usage, I.E. Smart Grids"	1450
Y10S	Technical Subjects Covered By Former Uspc Cross-Reference Art Collections [Xracs] And Digests	62965
Y10T	Technical Subjects Covered By Former Us Classification	101186
